{
  "game_info": {
    "id": "77fedc4f-36a4-4fcb-8416-65c8928e9fa5",
    "name": "Het Verlaten Kasteel",
    "created_at": "2025-05-07T13:56:41.463992Z",
    "updated_at": "2025-05-07T15:55:31.456246Z",
    "start_image_path": "het verlaten kasteel_start.jpg",
    "description": "Een oud, vergeten kasteel doemt op uit de mist. Durf jij de poorten te betreden en de geheimen binnenin te ontrafelen?\nGeruchten over een verborgen schat en een rusteloze geest gaan rond...",
    "win_image_path": "het verlaten kasteel_win.jpg",
    "loss_image_path": "het verlaten kasteel_verloren.jpg",
    "version": "2.1.0",
    "builder_version": "1.1.1"
  },
  "rooms": [
    {
      "id": "7c00de5d-2061-42e1-b463-dbf31a9f38c9",
      "game_id": "77fedc4f-36a4-4fcb-8416-65c8928e9fa5",
      "title": "Kasteelpoort",
      "description": "Je staat voor de krakende, half openstaande poort van een oud kasteel. Onkruid woekert over de ophaalbrug. De binnenplaats ligt voor je in het noorden.",
      "pos_x": 150,
      "pos_y": 300,
      "sort_index": 0,
      "image_path": "kasteelpoort.png"
    },
    {
      "id": "59b04922-f572-482d-8286-c2bec94ab685",
      "game_id": "77fedc4f-36a4-4fcb-8416-65c8928e9fa5",
      "title": "Binnenplaats",
      "description": "Een overwoekerde binnenplaats. Mos bedekt de oude stenen. In het noorden zie je de hoofdingang naar de Grote Hal. In het westen is een deur naar wat een wachttoren lijkt. Een verweerd stenen standbeeld staat in het midden.",
      "pos_x": 150,
      "pos_y": 200,
      "sort_index": 1,
      "image_path": "binnenplaats.png"
    },
    {
      "id": "3c48ce55-0c03-4682-97cd-20aab63a9cf0",
      "game_id": "77fedc4f-36a4-4fcb-8416-65c8928e9fa5",
      "title": "Wachttoren Basis",
      "description": "De onderste verdieping van een ronde wachttoren. Het ruikt muf. Een smalle, stenen trap leidt omhoog.",
      "pos_x": 50,
      "pos_y": 200,
      "sort_index": 2,
      "image_path": "wachttoren basis.png"
    },
    {
      "id": "47ebb6ce-15d8-4baa-8066-e6d0fe6fcf56",
      "game_id": "77fedc4f-36a4-4fcb-8416-65c8928e9fa5",
      "title": "Torenkamer",
      "description": "Een kleine kamer bovenin de wachttoren. Door een smal raam kijk je uit over de binnenplaats. Er ligt een oud boek op een stenen richel.",
      "pos_x": 50,
      "pos_y": 150,
      "sort_index": 3,
      "image_path": "torenkamer.png"
    },
    {
      "id": "194870b6-e4ba-404e-a46c-8722801fab84",
      "game_id": "77fedc4f-36a4-4fcb-8416-65c8928e9fa5",
      "title": "Grote Hal",
      "description": "Een imposante hal met hoge plafonds en gescheurde wandtapijten. Een kille tocht waait vanuit het oosten. Er staat een oude kist in de hoek. In het westen is een zware, eikenhouten deur.",
      "pos_x": 140,
      "pos_y": 58,
      "sort_index": 4,
      "image_path": "grote hal.png"
    },
    {
      "id": "7b335cc4-ae23-4f0c-b0ec-e2b3660c2863",
      "game_id": "77fedc4f-36a4-4fcb-8416-65c8928e9fa5",
      "title": "Donkere Opslag",
      "description": "Het is hier donker en stoffig. Planken langs de muur zijn leeg, op een enkele roestige sleutel na. Er hangt een vreemde geur.",
      "pos_x": 347,
      "pos_y": 97,
      "sort_index": 5,
      "image_path": "donkere opslag.png"
    },
    {
      "id": "a260186d-dbe3-4131-b8a2-7ddc9ec0bcb1",
      "game_id": "77fedc4f-36a4-4fcb-8416-65c8928e9fa5",
      "title": "Stoffige Bibliotheek",
      "description": "Boekenkasten vol beschimmelde boeken staan langs de muren. Spinnenwebben hangen overal. Een geest zweeft midden in de kamer! In een hoek staat een glimmende schatkist.",
      "pos_x": -11,
      "pos_y": 92,
      "sort_index": 6,
      "image_path": "stoffige bibliotheek.png"
    }
  ],
  "entities": [
    {
      "id": "9d379fd2-067c-4446-949d-a52fc2475df6",
      "game_id": "77fedc4f-36a4-4fcb-8416-65c8928e9fa5",
      "room_id": "194870b6-e4ba-404e-a46c-8722801fab84",
      "container_id": null,
      "type": "ITEM",
      "name": "Oude Kist",
      "description": "Een zware, houten kist met ijzeren banden.",
      "is_takable": true,
      "is_container": true,
      "conversation_id": null,
      "image_path": "oude kist.png",
      "is_mobile": false,
      "pickup_message": null
    },
    {
      "id": "e0391e66-e701-4a6b-9cec-d87d35e39477",
      "game_id": "77fedc4f-36a4-4fcb-8416-65c8928e9fa5",
      "room_id": "194870b6-e4ba-404e-a46c-8722801fab84",
      "container_id": null,
      "type": "ITEM",
      "name": "Gescheurd Wandtapijt",
      "description": "Een ooit prachtig wandtapijt, nu vol gaten en stof.",
      "is_takable": false,
      "is_container": false,
      "conversation_id": null,
      "image_path": "gescheurd wandtapijt.png",
      "is_mobile": false,
      "pickup_message": null
    },
    {
      "id": "035f7bf3-20fe-4288-9c1f-be50f201ef5d",
      "game_id": "77fedc4f-36a4-4fcb-8416-65c8928e9fa5",
      "room_id": null,
      "container_id": "9d379fd2-067c-4446-949d-a52fc2475df6",
      "type": "ITEM",
      "name": "Gouden Munt",
      "description": "Een glimmende gouden munt.",
      "is_takable": true,
      "is_container": false,
      "conversation_id": null,
      "image_path": null,
      "is_mobile": false,
      "pickup_message": null
    },
    {
      "id": "3da76068-591f-41c0-8011-b51472394fe9",
      "game_id": "77fedc4f-36a4-4fcb-8416-65c8928e9fa5",
      "room_id": "7b335cc4-ae23-4f0c-b0ec-e2b3660c2863",
      "container_id": null,
      "type": "ITEM",
      "name": "Roestige Sleutel",
      "description": "Een oude, roestige sleutel. Past deze op de deur naar de bibliotheek?",
      "is_takable": true,
      "is_container": false,
      "conversation_id": null,
      "image_path": "roestige sleutel.png",
      "is_mobile": false,
      "pickup_message": null
    },
    {
      "id": "afcbe248-f5f1-44a5-a794-9b6dfd332068",
      "game_id": "77fedc4f-36a4-4fcb-8416-65c8928e9fa5",
      "room_id": "47ebb6ce-15d8-4baa-8066-e6d0fe6fcf56",
      "container_id": null,
      "type": "ITEM",
      "name": "Oud Boek",
      "description": "Een zwaar, in leer gebonden boek. De titel is vervaagd. Misschien staat er een hint in?",
      "is_takable": true,
      "is_container": false,
      "conversation_id": null,
      "image_path": "oud boek.png",
      "is_mobile": false,
      "pickup_message": null
    },
    {
      "id": "5ba11c4c-b9db-4072-9063-e40e9af963cd",
      "game_id": "77fedc4f-36a4-4fcb-8416-65c8928e9fa5",
      "room_id": "59b04922-f572-482d-8286-c2bec94ab685",
      "container_id": null,
      "type": "ITEM",
      "name": "Stenen Standbeeld",
      "description": "Een verweerd stenen standbeeld van een ridder. Het lijkt je aan te staren.",
      "is_takable": false,
      "is_container": false,
      "conversation_id": null,
      "image_path": "stenen standbeeld.png",
      "is_mobile": false,
      "pickup_message": null
    },
    {
      "id": "362b6bcf-b824-471c-a6e8-c69e9851d636",
      "game_id": "77fedc4f-36a4-4fcb-8416-65c8928e9fa5",
      "room_id": "a260186d-dbe3-4131-b8a2-7ddc9ec0bcb1",
      "container_id": null,
      "type": "ITEM",
      "name": "Schatkist",
      "description": "Een prachtige, met juwelen ingelegde kist. Hij zit stevig op slot.",
      "is_takable": false,
      "is_container": false,
      "conversation_id": null,
      "image_path": "schatkist.png",
      "is_mobile": false,
      "pickup_message": null
    },
    {
      "id": "b005d01d-6866-4c06-bf3a-a3f0fde6e9dd",
      "game_id": "77fedc4f-36a4-4fcb-8416-65c8928e9fa5",
      "room_id": null,
      "container_id": null,
      "type": "ITEM",
      "name": "Schatkistsleutel",
      "description": "Een sierlijke, gouden sleutel. Deze moet op de schatkist passen!",
      "is_takable": true,
      "is_container": false,
      "conversation_id": null,
      "image_path": null,
      "is_mobile": false,
      "pickup_message": null
    },
    {
      "id": "3ffb327d-8659-4be0-a33e-0d7eb8e49660",
      "game_id": "77fedc4f-36a4-4fcb-8416-65c8928e9fa5",
      "room_id": "a260186d-dbe3-4131-b8a2-7ddc9ec0bcb1",
      "container_id": null,
      "type": "NPC",
      "name": "Geest van de Kasteelheer",
      "description": "Een doorschijnende figuur zweeft voor je, gekleed in ouderwetse kledij. Hij kijkt je treurig aan.",
      "is_takable": false,
      "is_container": false,
      "conversation_id": "ab2ad6b4-7390-436d-bdf0-6c9b4ee0394d",
      "image_path": "geest van de kasteelheer.png",
      "is_mobile": false,
      "pickup_message": null
    }
  ],
  "connections": [
    {
      "id": "a72b8739-656c-4f99-a389-073a799f4c04",
      "from_room_id": "7c00de5d-2061-42e1-b463-dbf31a9f38c9",
      "to_room_id": "59b04922-f572-482d-8286-c2bec94ab685",
      "direction": "noord",
      "is_locked": false,
      "required_key_id": null
    },
    {
      "id": "5c882ebf-ff6e-47fa-82d4-5969420a7fa1",
      "from_room_id": "59b04922-f572-482d-8286-c2bec94ab685",
      "to_room_id": "7c00de5d-2061-42e1-b463-dbf31a9f38c9",
      "direction": "zuid",
      "is_locked": false,
      "required_key_id": null
    },
    {
      "id": "f303c1fd-f36e-4b6a-8faf-d186b067187b",
      "from_room_id": "59b04922-f572-482d-8286-c2bec94ab685",
      "to_room_id": "3c48ce55-0c03-4682-97cd-20aab63a9cf0",
      "direction": "west",
      "is_locked": false,
      "required_key_id": null
    },
    {
      "id": "fe7ed5e2-b651-409b-b838-dc47629ea215",
      "from_room_id": "3c48ce55-0c03-4682-97cd-20aab63a9cf0",
      "to_room_id": "59b04922-f572-482d-8286-c2bec94ab685",
      "direction": "oost",
      "is_locked": false,
      "required_key_id": null
    },
    {
      "id": "759b4c06-3bf0-4464-9a6b-2d6830716a2f",
      "from_room_id": "3c48ce55-0c03-4682-97cd-20aab63a9cf0",
      "to_room_id": "47ebb6ce-15d8-4baa-8066-e6d0fe6fcf56",
      "direction": "omhoog",
      "is_locked": false,
      "required_key_id": null
    },
    {
      "id": "1238576c-80bd-434f-a5e7-dc0391f6b05a",
      "from_room_id": "47ebb6ce-15d8-4baa-8066-e6d0fe6fcf56",
      "to_room_id": "3c48ce55-0c03-4682-97cd-20aab63a9cf0",
      "direction": "omlaag",
      "is_locked": false,
      "required_key_id": null
    },
    {
      "id": "462eeb2e-7ac9-4d08-b402-437b1745d698",
      "from_room_id": "59b04922-f572-482d-8286-c2bec94ab685",
      "to_room_id": "194870b6-e4ba-404e-a46c-8722801fab84",
      "direction": "noord",
      "is_locked": false,
      "required_key_id": null
    },
    {
      "id": "d1c916b2-e1db-4d68-a6f9-52cac03bdbf3",
      "from_room_id": "194870b6-e4ba-404e-a46c-8722801fab84",
      "to_room_id": "59b04922-f572-482d-8286-c2bec94ab685",
      "direction": "zuid",
      "is_locked": false,
      "required_key_id": null
    },
    {
      "id": "0b1f2f91-f0be-4639-b33d-1b616a53bad0",
      "from_room_id": "194870b6-e4ba-404e-a46c-8722801fab84",
      "to_room_id": "7b335cc4-ae23-4f0c-b0ec-e2b3660c2863",
      "direction": "oost",
      "is_locked": false,
      "required_key_id": null
    },
    {
      "id": "36f36c4c-c90e-4239-b5ca-407ebbbbe3a6",
      "from_room_id": "7b335cc4-ae23-4f0c-b0ec-e2b3660c2863",
      "to_room_id": "194870b6-e4ba-404e-a46c-8722801fab84",
      "direction": "west",
      "is_locked": false,
      "required_key_id": null
    },
    {
      "id": "54fbdce6-be44-497e-9eb4-e40b1bbf7f89",
      "from_room_id": "194870b6-e4ba-404e-a46c-8722801fab84",
      "to_room_id": "a260186d-dbe3-4131-b8a2-7ddc9ec0bcb1",
      "direction": "west",
      "is_locked": true,
      "required_key_id": "3da76068-591f-41c0-8011-b51472394fe9"
    },
    {
      "id": "2d3e62d6-a498-4cb8-8c8e-ca3d6b59a02a",
      "from_room_id": "a260186d-dbe3-4131-b8a2-7ddc9ec0bcb1",
      "to_room_id": "194870b6-e4ba-404e-a46c-8722801fab84",
      "direction": "oost",
      "is_locked": false,
      "required_key_id": null
    }
  ],
  "scripts": [
    {
      "id": "a29ca35a-152e-46ed-b743-6e02424179b6",
      "game_id": "77fedc4f-36a4-4fcb-8416-65c8928e9fa5",
      "trigger": "ON_COMMAND(gebruik roestige sleutel)",
      "condition": "HAS_ITEM(Roestige Sleutel)",
      "action": "SHOW_MESSAGE(\"Waar wil je de roestige sleutel op gebruiken?\")"
    },
    {
      "id": "51b164e3-46a0-41dd-b697-f93a437b7800",
      "game_id": "77fedc4f-36a4-4fcb-8416-65c8928e9fa5",
      "trigger": "ON_TAKE(Roestige Sleutel)",
      "condition": null,
      "action": "ADD_SCORE(10)"
    },
    {
      "id": "2a703776-576f-488e-9ca6-6f8d0871b804",
      "game_id": "77fedc4f-36a4-4fcb-8416-65c8928e9fa5",
      "trigger": "ON_COMMAND(lees boek)",
      "condition": "HAS_ITEM(Oud Boek)",
      "action": "SHOW_MESSAGE(\"Je opent het stoffige boek. Tussen de pagina's vind je een los briefje met daarop \u00e9\u00e9n woord: 'fortuna'. Verder lees je: 'De heer van het kasteel waart nog rond in zijn favoriete kamer, de plaats van kennis. Alleen het woord van geluk kan zijn ziel kalmeren en de weg naar de schat onthullen.'\")\nADD_SCORE(5)"
    },
    {
      "id": "8a8f6530-1a25-4cbe-b1a9-db201272b001",
      "game_id": "77fedc4f-36a4-4fcb-8416-65c8928e9fa5",
      "trigger": "ON_COMMAND(gebruik roestige sleutel op west)",
      "condition": "CURRENT_ROOM(\"Grote Hal\")\nHAS_ITEM(Roestige Sleutel)",
      "action": "SHOW_MESSAGE(\"Je hoort een klik. De deur naar het westen is nu open.\")\nSET_STATE(unlocked_west,True)\nADD_SCORE(15)"
    },
    {
      "id": "e917ce10-5691-467b-a5a3-303a8c2f1518",
      "game_id": "77fedc4f-36a4-4fcb-8416-65c8928e9fa5",
      "trigger": "ON_COMMAND(gebruik schatkistsleutel op schatkist)",
      "condition": "CURRENT_ROOM(\"Stoffige Bibliotheek\")\nHAS_ITEM(Schatkistsleutel)",
      "action": "SHOW_MESSAGE(\"Met een zachte klik springt het slot van de schatkist open! Je hebt de schat gevonden en het avontuur voltooid!\")\nSET_STATE(game_won,True)\nADD_SCORE(100)"
    },
    {
      "id": "f89bc562-0548-43ef-a087-27ee70170630",
      "game_id": "77fedc4f-36a4-4fcb-8416-65c8928e9fa5",
      "trigger": "ON_COMMAND(open schatkist)",
      "condition": "CURRENT_ROOM(\"Stoffige Bibliotheek\")",
      "action": "SHOW_MESSAGE(\"De schatkist zit stevig op slot.\")"
    }
  ],
  "conversations": [
    {
      "id": "ab2ad6b4-7390-436d-bdf0-6c9b4ee0394d",
      "game_id": "77fedc4f-36a4-4fcb-8416-65c8928e9fa5",
      "name": "Geest Kasteelheer Gesprek",
      "structure": {
        "nodes": {
          "boek_hint": {
            "npc_text": "Mijn studieboek... ik liet het achter in de torenkamer, waar ik vaak naar de sterren keek.",
            "options": [
              {
                "next_node": "einde_neutraal",
                "text": "Dank u."
              }
            ]
          },
          "einde_hint": {
            "npc_text": "Vind de sleutel... en misschien vind je rust. Ga nu.",
            "options": []
          },
          "einde_neutraal": {
            "npc_text": "Ga nu... laat een oude geest met rust.",
            "options": []
          },
          "geeft_sleutel": {
            "action": "GIVE_ITEM(Schatkistsleutel)",
            "npc_text": "De geest lost langzaam op, een zucht van verlichting ontsnapt. Op de plek waar hij zweefde, ligt nu een sierlijke sleutel. Je pakt de schatkistsleutel en stopt hem in je zak.",
            "options": []
          },
          "groet": {
            "npc_text": "Wie... wie durft mijn rust te verstoren?",
            "options": [
              {
                "next_node": "reiziger",
                "text": "Ik ben een verdwaalde reiziger."
              },
              {
                "next_node": "wachtwoord_poging",
                "text": "Ik zoek de schat van het kasteel."
              },
              {
                "next_node": "hulp_vraag",
                "text": "Ik wil u helpen rust te vinden."
              }
            ]
          },
          "hulp_vraag": {
            "npc_text": "Rust... ja, dat zoek ik. Maar mijn geest is gekweld. Er is een woord, een herinnering aan betere tijden, dat me misschien kan helpen. Het staat geschreven in mijn oude studieboek.",
            "options": [
              {
                "next_node": "boek_hint",
                "text": "Waar is dat boek?"
              },
              {
                "next_node": "einde_neutraal",
                "text": "Ik zal het zoeken."
              }
            ]
          },
          "reiziger": {
            "npc_text": "Een reiziger... Het is lang geleden dat hier levenden waren. Wees voorzichtig, dit kasteel is niet meer wat het was.",
            "options": [
              {
                "next_node": "einde_neutraal",
                "text": "Dank u."
              }
            ]
          },
          "sleutel_hint": {
            "npc_text": "Zoek waar het altijd donker is... waar de voorraden ooit lagen opgeslagen.",
            "options": [
              {
                "next_node": "einde_hint",
                "text": "Ik begrijp het."
              }
            ]
          },
          "wachtwoord_poging": {
            "action_on_correct": "ADD_SCORE(25)",
            "correct_npc_response": "Fortuna... ja, dat is het! Het geluk... Eindelijk... Hier, neem deze sleutel. Hij opent wat ik achterliet.",
            "expected_answer": "fortuna",
            "incorrect_npc_response": "Nee... dat is het niet. Mijn ziel blijft onrustig.",
            "next_node_correct": "geeft_sleutel",
            "next_node_incorrect": "einde_neutraal",
            "npc_text": "Zeg het woord...",
            "type": "question"
          }
        },
        "start_node": "groet"
      }
    }
  ]
}